<?xml version="1.0" encoding="utf-8"?>
<ModMetaData>
  <name>Viking Brand Whale Blubber (VBWB)</name>
  <author>pelador</author>
      	<supportedVersions>
			<li>1.0</li>
		</supportedVersions>
  <description>This is a comical mod that adds some "interesting" products and a new trader.\n\nThis is a hommage to the creative genius of twitch streamer "NorthernQuarter", the original creator and CEO of VBWB.\n\nWorks with existing saves and should be mod friendly.\n\nTo remove the mod you will have to remove all occurences of the items.</description>
</ModMetaData>
